{
	"swagger": "2.0",
	"info": {
		"version": "1.0.0",
		"title": "FTS V2",
		"description": "Documentation generated by <b>HTS Team</b>."
	  },
	  "host": "ftsv2.api.hyperthings.in",
	  "basePath": "/api/v1/",
	  "tags": [
		{
		  "name": "User",
		  "description": "Endpoints"
		},
		{
			"name": "Drivers",
			"description": "Endpoints"
		  }
	  ],
	  "schemes": ["https","http"],
		  "securityDefinitions": {
			"api_key": {
				"type": "apiKey",
				"name": "Authorization",
				"in": "header"
			}
		},
		"consumes": ["application/json"],
		"produces": ["application/json"],
		"paths": {
			"/drivers": {
				"post": {
					"tags": ["Drivers"],
					"description": "create driver end",
					"parameters": [
						{
							"name": "obj",
							"in": "body",
							"description": "create Driver",
							"schema": {
								"$ref": "#/definitions/drivers_create"
							}
						}
					],
					"responses": {}
				},
				"get": {
					"tags": ["Drivers"],
					"description": "get driver end",
					"parameters": [
						{
							"in": "query",
							"name": "offset",
							"schema": {
								"type": "integer"
							},
							"description": "The number of items to skip before starting to collect the result set"
						},
						{
							"in": "query",
							"name": "limit",
							"schema": {
								"type": "integer"
							},
							"description": "The numbers of items to return"
						}
					],
					"responses": {}
				},
				"put": {
					"tags": ["Drivers"],
					"description": "Endpoint for Update Driver.",
					"parameters": [
						{
							"name": "id",
							"in": "query",
							"description": "ID of Driver to update",
							"required": true,
							"type": "integer"
						},
						{
							"name": "obj",
							"in": "body",
							"description": "Update Driver details",
							"schema": {
								"$ref": "#/definitions/drivers_update"
							}
						}
					],
					"responses": {}
				},
				"delete": {
					"tags": ["Drivers"],
					"description": "delete driver end",
					"parameters": [
						{
							"name": "id",
							"in": "query",
							"required": true,
							"description": "delete Driver details"
						}
					],
					"responses": {}
				}
			},
			"/drivers/getDriverById": {
				"get": {
					"tags": ["Drivers"],
					"description": "get driver by id endpoint",
					"parameters": [
						{
							"name": "id",
							"in": "query",
							"required": true,
							"description": "get driver by id"
						}
					],
					"responses": {}
				}
			},
			"/users/signin": {
				"post": {
					"tags": ["User"],
					"description": "Endpoint for sign in.",
					"parameters": [
						{
							"name": "obj",
							"in": "body",
							"description": "user email and password",
							"schema": {
								"$ref": "#/definitions/signin"
							}
						}
					],
					"responses": {}
				}
			},
			"/users/generate-otp": {
				"post": {
					"tags": ["User"],
					"description": "Endpoint for generate otp.",
					"parameters": [
						{
							"name": "obj",
							"in": "body",
							"description": "generate OTP api",
							"schema": {
								"$ref": "#/definitions/generate-otp"
							}
						}
					],
					"responses": {}
				}
			},
			"/users/confirm-otp": {
				"post": {
					"tags": ["User"],
					"description": "Endpoint to confirm otp.",
					"parameters": [
						{
							"name": "obj",
							"in": "body",
							"description": "confirm OTP api",
							"schema": {
								"$ref": "#/definitions/confirm-otp"
							}
						}
					],
					"responses": {}
				}
			},
			"/users/": {
				"get": {
					"tags": ["User"],
					"description": "get User end",
					"security": [
						{
							"Bearer": []
						}
					],
					"parameters": [
						{
							"in": "query",
							"name": "offset",
							"schema": {
							  "type": "integer"
							},
							"description": "The number of items to skip before starting to collect the result set"
						},
						{
							"in": "query",
							"name": "limit",
							"schema": {
							  "type": "integer"
							},
							"description": "The numbers of items to return"
						}
					],
					"responses": {}
				},
				"post": {
					"tags": ["User"],
					"description": "Endpoint for Add Users.",
					"security": [
						{
							"Bearer": []
						}
					],
					"parameters": [
						{
							"name": "obj",
							"in": "body",
							"description": "user Details",
							"schema": {
								"$ref": "#/definitions/create-user"
							}
						}
					],
					"responses": {}
				},
				"delete": {
					"tags": ["User"],
					"description": "delete User end",
					"security": [
						{
							"Bearer": []
						}
					],
					"parameters": [
						{
							"name": "id",
							"in": "query",
							"required": true,
							"description": "delete User details"
						}
					],
					"responses": {}
				}
			},
			"/users/roles": {
				"get": {
					"tags": ["User"],
					"description": "get User Roles",
					"security": [
						{
							"Bearer": []
						}
					],
					"parameters": [
						{
							"in": "query",
							"name": "offset",
							"schema": {
							  "type": "integer"
							},
							"description": "The number of items to skip before starting to collect the result set"
						},
						{
							"in": "query",
							"name": "limit",
							"schema": {
							  "type": "integer"
							},
							"description": "The numbers of items to return"
						}
					],
					"responses": {}
				}
			}
		},
		"definitions": {
			"drivers_create": {
				"type": "object",
				"properties": {
					"dob": {
						"type": "date",
						"example": "2022-11-30"
					},
					"city": {
						"type": "string",
						"example": "bengaluru"
					},
					"employee": {
						"type": "string",
						"example": "pravesh"
					},
					"driver_name": {
						"type": "string",
						"example": "pravesh"
					},
					"emergency_mobile_no": {
						"type": "string",
						"example": "9532011553"
					},
					"license_validity": {
						"type": "date",
						"example": "2023-11-30"
					},
					"id_card_no": {
						"type": "string",
						"example": "1"
					},
					"blood_group": {
						"type": "string",
						"example": "O+"
					},
					"license_no": {
						"type": "string",
						"example": "A12DE34"
					},
					"images": {
						"type": "string",
						"example": ["vfsdvd", "dcsc"]
					},
					"driver_phone_no": {
						"type": "string",
						"example": "9532011553"
					},
					"driver_address": {
						"type": "string",
						"example": "hsr layout"
					},
					"email": {
						"type": "string",
						"example": "pravesh@gmail.com"
					}
				},
				"required": [
					"city",
					"dob",
					"employee",
					"license_no",
					"blood_group",
					"id_card_no",
					"license_validity",
					"emergency_mobile_no",
					"image",
					"driver_phone_no",
					"driver_address",
					"email",
					"driver_name"
				]
			},
			"drivers_update": {
				"type": "object",
				"properties": {
					"dob": {
						"type": "date",
						"example": "2022-11-30"
					},
					"city": {
						"type": "string",
						"example": "bengaluru"
					},
					"employee": {
						"type": "string",
						"example": "pravesh"
					},
					"driver_name": {
						"type": "string",
						"example": "pravesh"
					},
					"emergency_mobile_no": {
						"type": "string",
						"example": "9532011553"
					},
					"license_validity": {
						"type": "date",
						"example": "2023-11-30"
					},
					"id_card_no": {
						"type": "string",
						"example": "1"
					},
					"blood_group": {
						"type": "string",
						"example": "O+"
					},
					"license_no": {
						"type": "string",
						"example": "A12DE34"
					},
					"images": {
						"type": "string",
						"example": ["vfsdvd", "dcsc"]
					},
					"driver_phone_no": {
						"type": "string",
						"example": "9532011553"
					},
					"driver_address": {
						"type": "string",
						"example": "hsr layout"
					},
					"email": {
						"type": "string",
						"example": "pravesh@gmail.com"
					}
				},
				"required": []
			},
			"signin": {
				"type": "object",
				"properties": {
					"email": {
						"type": "string",
						"example": "admin@fleet.in"
					},
					"password": {
						"type": "string",
						"example": "@#$$&*56hdA"
					}
				},
				"required": ["mobile", "password"]
			},
			"generate-otp": {
				"type": "object",
				"properties": {
					"email": {
						"type": "string",
						"example": "abc@gmail.com"
					}
				}
			},
			"confirm-otp": {
				"type": "object",
				"properties": {
					"email": {
						"type": "string",
						"example": "johndoe@gmail.com"
					},
					"otp": {
						"type": "string",
						"example": "1234"
					}
				},
				"required": ["otp"]
			},
			"create-user": {
				"type": "object",
				"properties": {
					"name": {
						"type": "string",
						"example": "Admin"
					},
					"email": {
						"type": "string",
						"example": "johndoe@gmail.com"
					},
					"mobile": {
						"type": "string",
						"example": "7845123548"
					},
					"role_id": {
						"type": "integer",
						"example": "3"
					},
					"password": {
						"type": "string",
						"example": "@#$$&*56hdA"
					}
				},
				"required": ["name","email","mobile","role_id","password"]
			},
			"response": {
				"type": "object",
				"properties": {
					"statusCode": {
						"type": "integer"
					},
					"code": { "type": "integer" },
					"msg": { "type": "string" },
					"data": { "$ref": "#/definitions/data" }
				}
			},
			"data": {
				"type": "object"
			}
		},
		"components": {
			"securitySchemes": {
				"bearerAuth": {
					"type": "http",
					"scheme": "bearer",
					"bearerFormat": "JWT"
				}
			}
		}
	}
	
	